brand,model,base_color,processor,screen_size,ROM,RAM,display_size,num_rear_camera,num_front_camera,battery_capacity,ratings,num_of_ratings,sales_price,discount_percent,sales,payment_method,state,city
Apple,iPhone SE,Black,Water,Very Small,64,2,4.7,1,1,1800,4.5,38645,32999,0.17,127.52,UPI,Uttar Pradesh,Mathura
Apple,iPhone 12 Mini,Red,Ceramic,Small,64,4,5.4,2,1,2815,4.5,244,57149,0.04,1.39,Credit Card,Delhi,Delhi
Apple,iPhone SE,Red,Water,Very Small,64,2,4.7,1,1,1800,4.5,38645,32999,0.17,127.52,Net Banking,Uttar Pradesh,Mathura
Apple,iPhone XR,Others,iOS,Medium,64,3,6.1,1,1,2942,4.6,5366,42999,0.1,23.07,UPI,Maharashtra,Mumbai
Apple,iPhone 12,Red,Ceramic,Medium,128,4,6.1,2,1,2815,4.6,745,69149,0.02,5.15,COD,Madhya Pradesh,Indore
Apple,iPhone 12,Blue,Ceramic,Medium,64,4,6.1,2,1,2815,4.6,745,64149,0.02,4.78,Net Banking,Uttar Pradesh,Prayagraj
Apple,iPhone 12,White,Ceramic,Medium,128,4,6.1,2,1,2815,4.6,745,69149,0.02,5.15,Credit Card,Maharashtra,Pune
Apple,iPhone 12,Green,Ceramic,Medium,64,4,6.1,2,1,2815,4.6,745,64149,0.02,4.78,COD,Maharashtra,Pune
Apple,iPhone 12,Blue,Ceramic,Medium,128,4,6.1,2,1,2815,4.6,745,69149,0.02,5.15,Net Banking,Andhra Pradesh,Hyderabad
Apple,iPhone 12,Black,Ceramic,Medium,128,4,6.1,2,1,2815,4.6,745,69149,0.02,5.15,Net Banking,Maharashtra,Pune
Apple,iPhone 12 Mini,Black,Ceramic,Small,64,4,5.4,2,1,2815,4.5,244,57149,0.04,1.39,Credit Card,Maharashtra,Mumbai
Apple,iPhone 12,Green,Ceramic,Medium,128,4,6.1,2,1,2815,4.6,745,69149,0.02,5.15,Credit Card,Gujarat,Surat
Apple,iPhone 12 Mini,White,Ceramic,Small,128,4,5.4,2,1,2815,4.5,244,62149,0.04,1.52,Net Banking,Maharashtra,Mumbai
Apple,iPhone 12,Blue,Ceramic,Medium,256,4,6.1,2,1,2815,4.6,745,79149,0.02,5.9,Net Banking,Maharashtra,Pune
Apple,iPhone 12 Mini,Black,Ceramic,Small,128,4,5.4,2,1,2815,4.5,244,62149,0.04,1.52,UPI,Uttar Pradesh,Mathura
Apple,iPhone XR,White,Water,Medium,128,3,6.1,1,1,2942,4.6,5366,47999,0.09,25.76,COD,Uttar Pradesh,Mathura
Apple,iPhone 12,Red,Ceramic,Medium,64,4,6.1,2,1,2815,4.6,745,64149,0.02,4.78,COD,Uttar Pradesh,Prayagraj
Apple,iPhone 12,Black,Ceramic,Medium,64,4,6.1,2,1,2815,4.6,745,64149,0.02,4.78,COD,Maharashtra,Mumbai
Apple,iPhone 12 Mini,White,Ceramic,Small,64,4,5.4,2,1,2815,4.5,244,57149,0.04,1.39,COD,Gujarat,Ahmedabad
Apple,iPhone 12,Black,Ceramic,Medium,256,4,6.1,2,1,2815,4.6,745,79149,0.02,5.9,UPI,Bihar,Patna
Apple,iPhone 12 Mini,Purple,Ceramic,Small,256,4,5.4,2,1,2815,4.5,244,72149,0.03,1.76,Debit Card,Himachal Pradesh,Simla
Apple,iPhone XR,Yellow,Water,Medium,128,3,6.1,1,1,2942,4.6,5366,47999,0.09,25.76,Credit Card,Uttar Pradesh,Mathura
Apple,iPhone 12,White,Ceramic,Medium,256,4,6.1,2,1,2815,4.6,745,79149,0.02,5.9,UPI,Himachal Pradesh,Simla
Apple,iPhone 12,White,Ceramic,Medium,64,4,6.1,2,1,2815,4.6,745,64149,0.02,4.78,Net Banking,Punjab,Chandigarh
Apple,iPhone XR,Others,iOS,Medium,128,3,6.1,1,1,2942,4.6,5366,47999,0.09,25.76,UPI,Madhya Pradesh,Bhopal
Apple,iPhone XR,Black,Water,Medium,128,3,6.1,1,1,2942,4.6,5366,47999,0.09,25.76,Net Banking,Kerala ,Thiruvananthapuram
Apple,iPhone 12,Green,Ceramic,Medium,256,4,6.1,2,1,2815,4.6,745,79149,0.02,5.9,Credit Card,Maharashtra,Mumbai
Apple,iPhone XR,Others,Water,Medium,64,3,6.1,1,1,2942,4.6,5366,42999,0.1,23.07,UPI,Nagaland,Kohima
Apple,iPhone 12 Mini,Green,Ceramic,Small,64,4,5.4,2,1,2815,4.5,244,57149,0.04,1.39,UPI,Madhya Pradesh,Indore
Apple,iPhone XR,Others,Water,Medium,128,3,6.1,1,1,2942,4.6,5366,47999,0.09,25.76,Credit Card,Madhya Pradesh,Bhopal
Apple,iPhone 12 Mini,Blue,Ceramic,Small,64,4,5.4,2,1,2815,4.5,244,57149,0.04,1.39,UPI,Madhya Pradesh,Indore
Apple,iPhone 12 Mini,Red,Ceramic,Small,128,4,5.4,2,1,2815,4.5,244,62149,0.04,1.52,Credit Card,Maharashtra,Pune
Apple,iPhone 12 Mini,Blue,Ceramic,Small,256,4,5.4,2,1,2815,4.5,244,72149,0.15,1.76,Credit Card,Delhi,Delhi
Apple,iPhone XR,Black,iOS,Medium,64,3,6.1,1,1,2942,4.6,5366,42999,0.1,23.07,Debit Card,Madhya Pradesh,Indore
Apple,iPhone 12 Mini,White,Ceramic,Small,256,4,5.4,2,1,2815,4.5,244,72149,0.03,1.76,UPI,Haryana,Chandigarh
Apple,iPhone SE,White,Water,Very Small,64,2,4.7,1,1,1800,4.5,38645,32999,0.17,127.52,Credit Card,Rajasthan,Udaipur
Apple,iPhone 12 Mini,Red,Ceramic,Small,256,4,5.4,2,1,2815,4.5,244,72149,0.03,1.76,Credit Card,Karnataka,Bangalore
Apple,iPhone 12 Mini,Black,Ceramic,Small,256,4,5.4,2,1,2815,4.5,244,72149,0.03,1.76,Debit Card,Kerala ,Thiruvananthapuram
Apple,iPhone 12 Mini,Purple,Ceramic,Small,128,4,5.4,2,1,2815,4.5,244,62149,0.04,1.52,Debit Card,Madhya Pradesh,Bhopal
Apple,iPhone 12 Mini,Green,Ceramic,Small,256,4,5.4,2,1,2815,4.5,244,72149,0.03,1.76,Credit Card,Gujarat,Ahmedabad
Apple,iPhone 12 Mini,Green,Ceramic,Small,128,4,5.4,2,1,2815,4.5,244,62149,0.04,1.52,Debit Card,Maharashtra,Pune
Apple,iPhone 12,Red,Ceramic,Medium,256,4,6.1,2,1,2815,4.6,745,79149,0.16,5.9,Debit Card,Madhya Pradesh,Indore
Apple,iPhone 8,Gold,iOS,Very Small,64,2,4.7,1,1,1800,4.5,11281,38999,0.02,43.99,COD,Maharashtra,Mumbai
Apple,iPhone 7 Plus,Black,iOS,Small,32,2,5.5,2,1,1800,4.5,29713,36999,0.02,109.94,Debit Card,Uttar Pradesh,Lucknow
Apple,iPhone XR,Black,iOS,Medium,128,3,6.1,1,1,2942,4.6,5366,47999,0.09,25.76,UPI,Punjab,Chandigarh
Apple,iPhone XR,White,iOS,Medium,128,3,6.1,1,1,2942,4.6,5366,47999,0.09,25.76,Net Banking,Maharashtra,Pune
Apple,iPhone XR,Yellow,iOS,Medium,128,3,6.1,1,1,2942,4.6,5366,47999,0.09,25.76,UPI,Madhya Pradesh,Indore
Apple,iPhone XR,White,iOS,Medium,64,3,6.1,1,1,2942,4.6,5366,42999,0.1,23.07,Net Banking,Maharashtra,Pune
Apple,iPhone XR,White,Water,Medium,64,3,6.1,1,1,2942,4.6,5366,42999,0.1,23.07,Debit Card,Tamil Nadu,Chennai
Apple,iPhone XR,Black,Water,Medium,64,3,6.1,1,1,2942,4.6,5366,42999,0.1,23.07,Credit Card,Madhya Pradesh,Indore
Apple,iPhone XR,Blue,iOS,Medium,64,3,6.1,1,1,2942,4.6,5366,42999,0.1,23.07,Debit Card,Maharashtra,Pune
Apple,iPhone XR,Blue,iOS,Medium,128,3,6.1,1,1,2942,4.6,5366,47999,0.09,25.76,Credit Card,Madhya Pradesh,Bhopal
Apple,iPhone 12,Purple,Ceramic,Medium,128,4,6.1,2,1,2815,4.6,745,69149,0.18,5.15,Net Banking,West Bengal,Kolkata
Apple,iPhone XR,Blue,Water,Medium,64,3,6.1,1,1,2942,4.6,5366,42999,0.1,23.07,Credit Card,Nagaland,Kohima
Apple,iPhone XR,Yellow,iOS,Medium,64,3,6.1,1,1,2942,4.6,5366,42999,0.1,23.07,COD,Madhya Pradesh,Bhopal
Apple,iPhone 12,Purple,Ceramic,Medium,256,4,6.1,2,1,2815,4.6,745,79149,0.02,5.9,Credit Card,Madhya Pradesh,Indore
Poco,C3,Black,MediaTek,Large,64,4,6.5,3,1,5000,4.3,38496,8999,0.18,34.64,Credit Card,Delhi,Delhi
Poco,M3,Blue,Qualcomm,Large,64,4,6.5,3,1,6000,4.3,4687,10999,0.08,5.16,Debit Card,Kerala ,Thiruvananthapuram
Poco,M2 Reloaded,Blue,MediaTek,Large,64,4,6.5,4,1,5000,4.3,14878,9999,0.16,14.88,Debit Card,Karnataka,Bangalore
Poco,C3,Blue,MediaTek,Large,32,3,6.5,3,1,5000,4.3,54470,7999,0.2,43.57,UPI,Jammu and Kashmir,Kashmir
Poco,M3,Black,Qualcomm,Large,64,6,6.5,3,1,6000,4.3,39881,11999,0.07,47.85,Debit Card,Maharashtra,Pune
Poco,C3,Black,MediaTek,Large,32,3,6.5,3,1,5000,4.3,54470,7999,0.2,43.57,UPI,Gujarat,Ahmedabad
Poco,M3,Blue,Qualcomm,Large,64,6,6.5,3,1,6000,4.3,39881,11999,0.07,47.85,Credit Card,Madhya Pradesh,Indore
Poco,M2 Reloaded,Black,MediaTek,Large,64,4,6.5,4,1,5000,4.3,14878,9999,0.16,14.88,Net Banking,Andhra Pradesh,Hyderabad
Poco,M3,Yellow,Qualcomm,Large,64,6,6.5,3,1,6000,4.3,39881,11999,0.07,47.85,Net Banking,Maharashtra,Pune
Poco,M3,Yellow,Qualcomm,Large,64,4,6.5,3,1,6000,4.3,4687,10999,0.08,5.16,Debit Card,Rajasthan,Jaipur
Poco,M3,Black,Qualcomm,Large,64,4,6.5,3,1,6000,4.3,4687,10999,0.08,5.16,Debit Card,West Bengal,Kolkata
Poco,M3,Black,Qualcomm,Large,128,6,6.5,3,1,6000,4.3,39881,12999,0.13,51.84,Credit Card,Punjab,Amritsar
Poco,C3,Blue,MediaTek,Large,64,4,6.5,3,1,5000,4.3,38496,8999,0.18,34.64,Debit Card,Maharashtra,Mumbai
Poco,C3,Green,MediaTek,Large,32,3,6.5,3,1,5000,4.3,54470,7999,0.2,43.57,Debit Card,Andhra Pradesh,Hyderabad
Poco,C3,Green,MediaTek,Large,64,4,6.5,3,1,5000,4.3,38496,8999,0.18,34.64,UPI,Bihar,Patna
Poco,X3 Pro,Black,Qualcomm,Large,128,6,6.7,4,1,5160,4.4,10279,18999,0.2,19.53,COD,Madhya Pradesh,Indore
Poco,M3 Pro 5G,Yellow,MediaTek,Large,128,6,6.5,3,1,5000,4.2,2462,16499,0.08,4.06,COD,Rajasthan,Jaipur
Poco,X3 Pro,Blue,Qualcomm,Large,128,6,6.7,4,1,5160,4.4,10279,18999,0.2,19.53,Debit Card,Gujarat,Surat
Poco,X3 Pro,Black,Qualcomm,Large,128,8,6.7,4,1,5160,4.4,4780,20999,0.19,10.04,COD,Madhya Pradesh,Bhopal
Poco,X3 Pro,Blue,Qualcomm,Large,128,8,6.7,4,1,5160,4.4,4780,20999,0.19,10.04,Net Banking,Punjab,Chandigarh
Poco,M3 Pro 5G,Blue,MediaTek,Large,64,4,6.5,3,1,5000,4.2,3283,14499,0.09,4.76,Credit Card,Goa,Goa
Poco,M3 Pro 5G,Blue,MediaTek,Large,128,6,6.5,3,1,5000,4.2,2462,16499,0.08,4.06,COD,Haryana,Chandigarh
Poco,M2 Pro,Others,Qualcomm,Large,128,6,6.7,4,1,5000,4.4,33364,15999,0.2,53.38,Debit Card,Maharashtra,Mumbai
Poco,X3 Pro,Bronze,Qualcomm,Large,128,6,6.7,4,1,5160,4.4,10279,18999,0.2,19.53,Debit Card,Haryana,Chandigarh
Poco,M3 Pro 5G,Black,MediaTek,Large,128,6,6.5,3,1,5000,4.2,2462,16499,0.08,4.06,Net Banking,Bihar,Patna
Poco,M2 Pro,Black,Qualcomm,Large,128,6,6.7,4,1,5000,4.4,33364,15999,0.2,53.38,COD,Madhya Pradesh,Indore
Poco,M2 Pro,Blue,Qualcomm,Large,128,6,6.7,4,1,5000,4.4,33364,15999,0.2,53.38,Net Banking,Punjab,Chandigarh
Poco,X3 Pro,Bronze,Qualcomm,Large,128,8,6.7,4,1,5160,4.4,4780,20999,0.19,10.04,Net Banking,Maharashtra,Mumbai
Poco,M3,Blue,Qualcomm,Large,128,6,6.5,3,1,6000,4.3,39881,12999,0.13,51.84,Net Banking,Jammu and Kashmir,Kashmir
Poco,M3 Pro 5G,Yellow,MediaTek,Large,64,4,6.5,3,1,5000,4.2,3283,14499,0.09,4.76,Debit Card,Maharashtra,Pune
Poco,F3 GT,Black,MediaTek,Large,128,8,6.7,3,1,5065,4.3,1041,28999,0.17,3.02,Debit Card,Maharashtra,Mumbai
Poco,M2 Pro,Blue,Qualcomm,Large,64,6,6.7,4,1,5000,4.4,33364,14999,0.16,50.04,Debit Card,Haryana,Chandigarh
Poco,M2 Pro,Blue,Qualcomm,Large,64,4,6.7,4,1,5000,4.3,23598,13999,0.17,33.03,UPI,Madhya Pradesh,Bhopal
Poco,M2 Pro,Others,Qualcomm,Large,64,4,6.7,4,1,5000,4.3,23598,13999,0.17,33.03,Net Banking,Uttar Pradesh,Lucknow
Poco,M2 Pro,Black,Qualcomm,Large,64,4,6.7,4,1,5000,4.3,23598,13999,0.17,33.03,Debit Card,Madhya Pradesh,Indore
Poco,X3,Blue,Qualcomm,Large,128,8,6.7,4,1,6000,4.3,3960,18999,0.17,7.52,UPI,Madhya Pradesh,Indore
Poco,F3 GT,Silver,MediaTek,Large,256,8,6.7,3,1,5065,4.3,1041,30999,0.16,3.23,Net Banking,Maharashtra,Mumbai
Poco,F3 GT,Black,MediaTek,Large,256,8,6.7,3,1,5065,4.3,1041,30999,0.16,3.23,Credit Card,Madhya Pradesh,Indore
Poco,F3 GT,Silver,MediaTek,Large,128,8,6.7,3,1,5065,4.3,1041,28999,0.17,3.02,COD,Punjab,Chandigarh
Poco,F3 GT,Black,MediaTek,Large,128,6,6.7,3,1,5065,4.3,554,26999,0.18,1.5,Debit Card,Madhya Pradesh,Bhopal
Poco,F3 GT,Silver,MediaTek,Large,128,6,6.7,3,1,5065,4.3,554,26999,0.18,1.5,COD,Maharashtra,Mumbai
Poco,F1,Blue,Qualcomm,Medium,256,8,6.2,2,1,4000,4.5,14022,21999,0.29,30.85,UPI,Rajasthan,Udaipur
Poco,F1,Black,Qualcomm,Medium,128,6,6.2,2,1,4000,4.6,122001,18999,0.09,231.79,Credit Card,Goa,Goa
Poco,M3,Yellow,Qualcomm,Large,128,6,6.5,3,1,6000,4.3,39881,12999,0.13,51.84,Credit Card,Rajasthan,Udaipur
Poco,M2 Pro,Black,Qualcomm,Large,64,6,6.7,4,1,5000,4.4,33364,14999,0.16,50.04,Net Banking,Maharashtra,Mumbai
Poco,M2 Pro,Others,Qualcomm,Large,64,6,6.7,4,1,5000,4.4,33364,14999,0.16,50.04,Debit Card,Madhya Pradesh,Indore
Poco,M2,Red,MediaTek,Large,128,6,6.5,4,1,5000,4.3,98156,11499,0.23,112.87,UPI,Gujarat,Ahmedabad
Poco,X3,Blue,Qualcomm,Large,128,6,6.7,4,1,6000,4.3,26752,16999,0.19,45.48,Debit Card,Karnataka,Bangalore
Poco,X3,Blue,Qualcomm,Large,64,6,6.7,4,1,6000,4.3,26752,15999,0.2,42.8,COD,Maharashtra,Pune
Poco,X3,Gray,Qualcomm,Large,64,6,6.7,4,1,6000,4.3,26752,15999,0.2,42.8,COD,Madhya Pradesh,Bhopal
Poco,X3,Gray,Qualcomm,Large,128,6,6.7,4,1,6000,4.3,26752,16999,0.19,45.48,Credit Card,Delhi,Delhi
Poco,M2,Black,MediaTek,Large,128,6,6.5,4,1,5000,4.3,98156,11499,0.23,112.87,Net Banking,Andhra Pradesh,Hyderabad
Poco,M2,Blue,MediaTek,Large,128,6,6.5,4,1,5000,4.3,98156,11499,0.23,112.87,Net Banking,Delhi,Delhi
Poco,X3,Gray,Qualcomm,Large,128,8,6.7,4,1,6000,4.3,3960,18999,0.17,7.52,Credit Card,Uttar Pradesh,Prayagraj
Poco,X2,Red,Qualcomm,Large,128,6,6.7,4,2,4500,4.5,267028,15999,0.2,427.22,Debit Card,Andhra Pradesh,Hyderabad
Poco,M2,Red,MediaTek,Large,64,6,6.5,4,1,5000,4.3,98156,10499,0.19,103.05,UPI,Punjab,Chandigarh
Realme,C20,Blue,MediaTek,Large,32,2,6.5,1,1,5000,4.4,97955,7499,0.06,73.46,UPI,Nagaland,Kohima
Realme,C20,Gray,MediaTek,Large,32,2,6.5,1,1,5000,4.4,97955,7499,0.06,73.46,COD,Madhya Pradesh,Indore
Realme,C11 2021,Gray,Others,Large,32,2,6.5,1,1,5000,4.3,4850,7299,0.08,3.54,Debit Card,Madhya Pradesh,Indore
Realme,C11 2021,Blue,Others,Large,32,2,6.5,1,1,5000,4.3,4850,7299,0.08,3.54,Debit Card,Punjab,Amritsar
Realme,C21Y,Black,Others,Large,64,4,6.5,3,1,5000,4.4,4906,9999,0.09,4.91,COD,Uttar Pradesh,Lucknow
Realme,C21Y,Blue,Others,Large,64,4,6.5,3,1,5000,4.4,4906,9999,0.09,4.91,Credit Card,Bihar,Patna
Realme,Narzo 30 5G,Blue,MediaTek,Large,64,4,6.5,3,1,5000,4.4,731,14999,0.06,1.1,Credit Card,West Bengal,Kolkata
Realme,Narzo 30 5G,Silver,MediaTek,Large,64,4,6.5,3,1,5000,4.4,731,14999,0.06,1.1,Credit Card,Karnataka,Bangalore
Realme,Narzo 30 5G,Blue,MediaTek,Large,128,6,6.5,3,1,5000,4.3,10996,16999,0.05,18.69,Debit Card,Delhi,Delhi
Realme,Narzo 30 5G,Silver,MediaTek,Large,128,6,6.5,3,1,5000,4.3,10996,16999,0.05,18.69,Debit Card,Gujarat,Ahmedabad
Realme,C21,Blue,MediaTek,Large,64,4,6.5,3,1,5000,4.4,23941,9999,0.09,23.94,COD,Maharashtra,Pune
Realme,C21,Blue,MediaTek,Large,32,3,6.5,3,1,5000,4.4,15348,8999,0.1,13.81,Debit Card,Madhya Pradesh,Indore
Realme,C21,Black,MediaTek,Large,64,4,6.5,3,1,5000,4.4,23941,9999,0.09,23.94,UPI,Madhya Pradesh,Indore
Realme,C21,Black,MediaTek,Large,32,3,6.5,3,1,5000,4.4,15348,8999,0.1,13.81,COD,Haryana,Chandigarh
Realme,Narzo 30,Blue,MediaTek,Large,64,6,6.5,3,1,5000,4.3,3677,14499,0.09,5.33,COD,Kerala ,Thiruvananthapuram
Realme,C11 2021,Blue,Others,Large,64,4,6.5,1,1,5000,4.2,1096,8799,0.12,0.96,COD,Maharashtra,Mumbai
Realme,Narzo 30,Silver,MediaTek,Large,64,4,6.5,3,1,5000,4.3,6434,13499,0.1,8.69,COD,West Bengal,Kolkata
Realme,Narzo 30,Blue,MediaTek,Large,64,4,6.5,3,1,5000,4.3,6434,13499,0.1,8.69,Debit Card,Maharashtra,Mumbai
Realme,Narzo 30,Silver,MediaTek,Large,64,6,6.5,3,1,5000,4.3,3677,14499,0.09,5.33,COD,Maharashtra,Mumbai
Realme,C11 2021,Gray,Others,Large,64,4,6.5,1,1,5000,4.2,1096,8799,0.12,0.96,Credit Card,Kerala ,Thiruvananthapuram
Realme,8s 5G,Purple,MediaTek,Large,128,6,6.5,3,1,5000,4.5,1206,17999,0.14,2.17,Credit Card,Madhya Pradesh,Indore
Realme,8s 5G,Blue,MediaTek,Large,128,6,6.5,3,1,5000,4.5,1206,17999,0.14,2.17,Net Banking,Madhya Pradesh,Indore
Realme,Narzo 30A,Black,MediaTek,Large,32,3,6.5,2,1,6000,4.3,28794,8999,0.1,25.91,Credit Card,Maharashtra,Mumbai
Realme,Narzo 30,Blue,MediaTek,Large,128,6,6.5,3,1,5000,4.3,3677,15499,0.08,5.7,UPI,Madhya Pradesh,Indore
Realme,Narzo 30,Silver,MediaTek,Large,128,6,6.5,3,1,5000,4.3,3677,15499,0.08,5.7,Debit Card,Maharashtra,Mumbai
Realme,8 5G,Black,MediaTek,Large,128,4,6.5,3,1,5000,4.3,9853,16499,0.02,16.26,UPI,Sikkim,Gangtok
Realme,8 5G,Blue,MediaTek,Large,64,4,6.5,3,1,5000,4.3,9853,15499,0.03,15.27,Credit Card,Madhya Pradesh,Indore
Realme,8 5G,Black,MediaTek,Large,64,4,6.5,3,1,5000,4.3,9853,15499,0.03,15.27,UPI,Sikkim,Gangtok
Realme,8 Pro,Black,Qualcomm,Medium,128,8,6.4,4,1,4500,4.4,4624,20149,0.08,9.32,Credit Card,Maharashtra,Mumbai
Realme,C15,Blue,MediaTek,Large,32,3,6.5,4,1,6000,4.3,13423,9999,0.16,13.42,Debit Card,Uttar Pradesh,Mathura
Realme,8 5G,Blue,MediaTek,Large,128,8,6.5,3,1,5000,4.3,6925,18499,0.02,12.81,Debit Card,Madhya Pradesh,Indore
Realme,8 5G,Black,MediaTek,Large,128,8,6.5,3,1,5000,4.3,6925,18499,0.02,12.81,UPI,Delhi,Delhi
Realme,8 5G,Blue,MediaTek,Large,128,4,6.5,3,1,5000,4.3,9853,16499,0.02,16.26,COD,Karnataka,Bangalore
Realme,8 Pro,Black,Qualcomm,Medium,128,6,6.4,4,1,4500,4.3,10126,18149,0.09,18.38,Debit Card,Gujarat,Ahmedabad
Realme,8 Pro,Blue,Qualcomm,Medium,128,8,6.4,4,1,4500,4.4,4624,20149,0.08,9.32,UPI,Rajasthan,Udaipur
Realme,8,Silver,MediaTek,Medium,128,8,6.4,4,1,5000,4.3,7334,17999,0.05,13.2,COD,Goa,Goa
Realme,8,Black,MediaTek,Medium,128,4,6.4,4,1,5000,4.3,11039,15999,0.05,17.66,Debit Card,Himachal Pradesh,Simla
Realme,8,Black,MediaTek,Medium,128,6,6.4,4,1,5000,4.3,7004,16999,0.05,11.91,Credit Card,Punjab,Amritsar
Realme,8,Black,MediaTek,Medium,128,8,6.4,4,1,5000,4.3,7334,17999,0.05,13.2,Debit Card,Andhra Pradesh,Hyderabad
Realme,8,Silver,MediaTek,Medium,128,6,6.4,4,1,5000,4.3,7004,16999,0.05,11.91,UPI,Haryana,Chandigarh
Realme,GT Master Edition,White,Qualcomm,Medium,256,8,6.4,3,1,4300,4.3,105,29999,0.06,0.31,UPI,Maharashtra,Mumbai
Realme,X7 5G,Others,MediaTek,Medium,128,8,6.4,3,1,4310,4.3,4907,22149,0.07,10.87,UPI,Maharashtra,Mumbai
Realme,7,Blue,MediaTek,Large,64,6,6.5,4,1,5000,4.3,64636,14999,0.16,96.95,COD,Tamil Nadu,Chennai
Realme,Narzo 30 Pro 5G,Silver,MediaTek,Large,64,6,6.5,3,1,5000,4.3,12805,17149,0.09,21.96,UPI,Jammu and Kashmir,Kashmir
Realme,Narzo 30 Pro 5G,Black,MediaTek,Large,64,6,6.5,3,1,5000,4.3,12805,17149,0.09,21.96,COD,Maharashtra,Mumbai
Realme,C12,Silver,MediaTek,Large,32,3,6.5,3,1,6000,4.4,155242,8999,0.18,139.7,Net Banking,Madhya Pradesh,Bhopal
Realme,C11,Gray,MediaTek,Large,32,2,6.5,2,1,5000,4.4,223672,7499,0.16,167.73,COD,Maharashtra,Mumbai
Realme,C11,Green,MediaTek,Large,32,2,6.5,2,1,5000,4.4,223672,7499,0.16,167.73,Credit Card,Madhya Pradesh,Indore
Realme,X7 5G,Others,MediaTek,Medium,128,6,6.4,3,1,4310,4.3,14204,19999,0.09,28.41,Credit Card,Maharashtra,Pune
Realme,GT Master Edition,Black,Qualcomm,Medium,128,8,6.4,3,1,4300,4.3,105,27999,0.06,0.29,Credit Card,Sikkim,Gangtok
Realme,GT Master Edition,Gray,Qualcomm,Medium,128,8,6.4,3,1,4300,4.3,105,27999,0.06,0.29,COD,Madhya Pradesh,Indore
Realme,GT Master Edition,Black,Qualcomm,Medium,128,6,6.4,3,1,4300,4.1,19,25999,0.03,0.05,UPI,West Bengal,Kolkata
Realme,Narzo 30 Pro 5G,Silver,MediaTek,Large,128,8,6.5,3,1,5000,4.3,5485,20149,0.08,11.05,Debit Card,Punjab,Chandigarh
Realme,Narzo 30 Pro 5G,Black,MediaTek,Large,128,8,6.5,3,1,5000,4.3,5485,20149,0.08,11.05,UPI,Jammu and Kashmir,Kashmir
Realme,GT Master Edition,Gray,Qualcomm,Medium,128,6,6.4,3,1,4300,4.1,19,25999,0.03,0.05,UPI,Karnataka,Bangalore
Realme,GT Master Edition,White,Qualcomm,Medium,128,8,6.4,3,1,4300,4.3,105,27999,0.06,0.29,Debit Card,Kerala ,Thiruvananthapuram
Realme,GT Master Edition,Gray,Qualcomm,Medium,256,8,6.4,3,1,4300,4.3,105,29999,0.06,0.31,Debit Card,Delhi,Delhi
Realme,GT Master Edition,Black,Qualcomm,Medium,256,8,6.4,3,1,4300,4.3,105,29999,0.06,0.31,Credit Card,Madhya Pradesh,Indore
Realme,GT Master Edition,White,Qualcomm,Medium,128,6,6.4,3,1,4300,4.1,19,25999,0.03,0.05,Debit Card,Maharashtra,Mumbai
Realme,X7 Max,Black,MediaTek,Medium,128,8,6.4,3,1,4500,4.3,3684,27149,0.09,10,Credit Card,West Bengal,Kolkata
Realme,X7 Max,Silver,MediaTek,Medium,128,8,6.4,3,1,4500,4.3,3684,27149,0.09,10,COD,Jammu and Kashmir,Kashmir
Realme,X7 Max,Black,MediaTek,Medium,256,12,6.4,3,1,4500,4.3,1282,30149,0.08,3.87,UPI,Bihar,Patna
Realme,X7 Max,Others,MediaTek,Medium,256,12,6.4,3,1,4500,4.3,1282,30149,0.08,3.87,Credit Card,Maharashtra,Pune
Realme,X7 Max,Others,MediaTek,Medium,128,8,6.4,3,1,4500,4.3,3684,27149,0.09,10,Credit Card,Madhya Pradesh,Indore
Realme,X7 Max,Silver,MediaTek,Medium,256,12,6.4,3,1,4500,4.3,1282,30149,0.08,3.87,Credit Card,Punjab,Chandigarh
Realme,GT 5G,Silver,Qualcomm,Medium,128,8,6.4,3,1,4500,4.3,50,37999,0.07,0.19,COD,Rajasthan,Jaipur
Realme,7,White,MediaTek,Large,128,8,6.5,4,1,5000,4.3,21670,17999,0.14,39,UPI,Maharashtra,Mumbai
Realme,5 Pro,Blue,Qualcomm,Medium,128,8,6.3,4,1,4035,4.5,13460,16999,0.05,22.88,Net Banking,Madhya Pradesh,Indore
Realme,5 Pro,Blue,Qualcomm,Medium,64,6,6.3,4,1,4035,4.5,19347,14999,0.06,29.02,COD,Bihar,Patna
Realme,3i,Black,MediaTek,Medium,32,3,6.2,2,1,4230,4.4,50098,8499,0.05,42.58,Net Banking,Jammu and Kashmir,Kashmir
Realme,3i,Blue,MediaTek,Medium,32,3,6.2,2,1,4230,4.4,50098,8499,0.05,42.58,Debit Card,Tamil Nadu,Chennai
Realme,Narzo 20 Pro,Others,MediaTek,Large,64,6,6.5,4,1,4500,4.3,53254,14999,0.11,79.88,Credit Card,Rajasthan,Udaipur
Realme,7 Pro,Silver,Qualcomm,Medium,128,8,6.4,4,1,4500,4.3,8006,21999,0.04,17.61,Debit Card,Maharashtra,Mumbai
Realme,7 Pro,Others,Qualcomm,Medium,128,8,6.4,4,1,4500,4.3,8006,21999,0.04,17.61,UPI,Nagaland,Kohima
Realme,3i,Red,MediaTek,Medium,64,4,6.2,2,1,4230,4.4,13150,10499,0.04,13.81,COD,Rajasthan,Udaipur
Realme,3i,Blue,MediaTek,Medium,64,4,6.2,2,1,4230,4.4,13150,10499,0.04,13.81,Debit Card,Uttar Pradesh,Prayagraj
Realme,X3 SuperZoom,Blue,Qualcomm,Large,128,8,6.6,4,2,4200,4.3,1746,27999,0.06,4.89,Net Banking,Jammu and Kashmir,Kashmir
Realme,X3 SuperZoom,Blue,Qualcomm,Large,256,8,6.6,4,2,4200,4.3,1746,29999,0.06,5.24,UPI,Himachal Pradesh,Simla
Realme,GT 5G,Blue,Qualcomm,Medium,128,8,6.4,3,1,4500,4.3,50,37999,0.07,0.19,Debit Card,Maharashtra,Mumbai
Realme,5 Pro,Green,Qualcomm,Medium,64,4,6.3,4,1,4035,4.5,24439,13999,0.06,34.21,Debit Card,Rajasthan,Jaipur
Realme,X7 Pro 5G,Others,MediaTek,Large,128,8,6.5,4,1,4500,4.3,5552,30149,0.08,16.74,COD,Uttar Pradesh,Lucknow
Realme,C2,Blue,MediaTek,Medium,16,2,6.1,2,1,4000,4.4,226996,6499,0.07,147.52,COD,Madhya Pradesh,Indore
Realme,GT 5G,Yellow,Qualcomm,Medium,256,12,6.4,3,1,4500,4.3,81,41999,0.04,0.34,Net Banking,Maharashtra,Mumbai
Realme,X3,White,Qualcomm,Large,128,8,6.6,4,2,4200,4.4,1705,25999,0.07,4.43,COD,Maharashtra,Mumbai
Realme,X7 Pro 5G,Black,MediaTek,Large,128,8,6.5,4,1,4500,4.3,5552,30149,0.08,16.74,Debit Card,Sikkim,Gangtok
Realme,6,Blue,MediaTek,Large,64,6,6.5,4,1,4300,4.4,62198,14999,0.16,93.29,UPI,Maharashtra,Mumbai
Realme,C2,Black,MediaTek,Medium,32,2,6.1,2,1,4000,4.4,226996,6999,0.12,158.87,Credit Card,Madhya Pradesh,Indore
Realme,C2,Black,MediaTek,Medium,32,3,6.1,2,1,4000,4.4,35954,7499,0.16,26.96,COD,Maharashtra,Mumbai
Realme,X3 SuperZoom,Blue,Qualcomm,Large,256,12,6.6,4,2,4200,4.2,459,32999,0.05,1.51,COD,Delhi,Delhi
Realme,X3 SuperZoom,White,Qualcomm,Large,256,12,6.6,4,2,4200,4.2,459,32999,0.05,1.51,UPI,Madhya Pradesh,Indore
Realme,X3 SuperZoom,White,Qualcomm,Large,256,8,6.6,4,2,4200,4.3,1746,29999,0.06,5.24,COD,West Bengal,Kolkata
Realme,6,Blue,MediaTek,Large,128,8,6.5,4,1,4300,4.4,17621,16999,0.05,29.95,COD,Maharashtra,Mumbai
Realme,6i,White,MediaTek,Large,64,4,6.5,4,1,4300,4.4,60019,12999,0.13,78.02,Debit Card,Madhya Pradesh,Bhopal
Realme,6,White,MediaTek,Large,64,6,6.5,4,1,4300,4.4,62198,14999,0.16,93.29,COD,Gujarat,Ahmedabad
Realme,Narzo 30A,Black,MediaTek,Large,64,4,6.5,2,1,6000,4.3,29744,10499,0.04,31.23,COD,Maharashtra,Pune
Realme,Narzo 30A,Blue,MediaTek,Large,64,4,6.5,2,1,6000,4.3,29744,10499,0.04,31.23,Net Banking,Karnataka,Bangalore
Realme,Narzo 30A,Blue,MediaTek,Large,32,3,6.5,2,1,6000,4.3,28794,8999,0.1,25.91,Net Banking,Kerala ,Thiruvananthapuram
Realme,C15,Blue,MediaTek,Large,64,4,6.5,4,1,6000,4.4,30295,10999,0.15,33.32,UPI,Karnataka,Bangalore
Realme,C15,Silver,MediaTek,Large,64,4,6.5,4,1,6000,4.4,30295,10999,0.15,33.32,Debit Card,Karnataka,Bangalore
Realme,8 Pro,Blue,Qualcomm,Medium,128,6,6.4,4,1,4500,4.3,10126,18149,0.09,18.38,UPI,Bihar,Patna
Realme,C25,Gray,MediaTek,Large,64,4,6.5,3,1,6000,4.4,10005,9999,0.09,10,Debit Card,Madhya Pradesh,Bhopal
Realme,8,Silver,MediaTek,Medium,128,4,6.4,4,1,5000,4.3,11039,15999,0.05,17.66,Net Banking,Jammu and Kashmir,Kashmir
Realme,C25,Blue,MediaTek,Large,64,4,6.5,3,1,6000,4.4,10005,9999,0.09,10,COD,Maharashtra,Mumbai
Realme,C15,Silver,MediaTek,Large,32,3,6.5,4,1,6000,4.3,13423,9999,0.16,13.42,Net Banking,Rajasthan,Jaipur
Realme,8 Pro,Yellow,Qualcomm,Medium,128,8,6.4,4,1,4500,4.4,4624,20149,0.08,9.32,Credit Card,Madhya Pradesh,Indore
Realme,8 Pro,Yellow,Qualcomm,Medium,128,6,6.4,4,1,4500,4.3,10126,18149,0.09,18.38,UPI,Andhra Pradesh,Hyderabad
Realme,C25,Gray,MediaTek,Large,128,4,6.5,3,1,6000,4.4,10005,10999,0.08,11,UPI,Goa,Goa
Realme,C25,Blue,MediaTek,Large,128,4,6.5,3,1,6000,4.4,10005,10999,0.08,11,Debit Card,Gujarat,Surat
Realme,X7 5G,Silver,MediaTek,Medium,128,6,6.4,3,1,4310,4.3,14204,19999,0.09,28.41,Debit Card,Maharashtra,Mumbai
Realme,C12,Blue,MediaTek,Large,32,3,6.5,3,1,6000,4.4,155242,8999,0.18,139.7,UPI,Maharashtra,Mumbai
Realme,X7 5G,Silver,MediaTek,Medium,128,8,6.4,3,1,4310,4.3,4907,22149,0.07,10.87,COD,Nagaland,Kohima
Realme,3i,Black,MediaTek,Medium,64,4,6.2,2,1,4230,4.4,13150,10499,0.04,13.81,Net Banking,Maharashtra,Mumbai
Realme,5 Pro,Green,Qualcomm,Medium,128,8,6.3,4,1,4035,4.5,13460,16999,0.05,22.88,Credit Card,Nagaland,Kohima
Realme,3i,Red,MediaTek,Medium,32,3,6.2,2,1,4230,4.4,50098,8499,0.05,42.58,COD,Madhya Pradesh,Indore
Realme,7 Pro,Blue,Qualcomm,Medium,128,6,6.4,4,1,4500,4.4,15407,19999,0.04,30.81,Net Banking,Andhra Pradesh,Hyderabad
Realme,7,Blue,MediaTek,Large,128,8,6.5,4,1,5000,4.3,21670,17999,0.14,39,Debit Card,Andhra Pradesh,Hyderabad
Realme,7 Pro,Others,Qualcomm,Medium,128,6,6.4,4,1,4500,4.4,15407,19999,0.04,30.81,COD,West Bengal,Kolkata
Realme,7 Pro,Blue,Qualcomm,Medium,128,8,6.4,4,1,4500,4.3,8006,21999,0.04,17.61,COD,Maharashtra,Mumbai
Realme,7 Pro,Silver,Qualcomm,Medium,128,6,6.4,4,1,4500,4.4,15407,19999,0.04,30.81,Net Banking,Gujarat,Ahmedabad
Realme,5 Pro,White,Qualcomm,Medium,64,6,6.3,4,1,4035,4.5,19347,14999,0.06,29.02,Net Banking,Madhya Pradesh,Indore
Realme,5 Pro,Green,Qualcomm,Medium,64,6,6.3,4,1,4035,4.5,19347,14999,0.06,29.02,UPI,Haryana,Chandigarh
Realme,7,White,MediaTek,Large,64,6,6.5,4,1,5000,4.3,64636,14999,0.16,96.95,UPI,Maharashtra,Mumbai
Realme,Narzo 20 Pro,Others,MediaTek,Large,128,8,6.5,4,1,4500,4.3,24632,16999,0.1,41.87,Debit Card,Karnataka,Bangalore
Realme,X3 SuperZoom,White,Qualcomm,Large,128,8,6.6,4,2,4200,4.3,1746,27999,0.06,4.89,Credit Card,Delhi,Delhi
Realme,X3,White,Qualcomm,Large,128,6,6.6,4,2,4200,4.4,286,24999,0.07,0.71,COD,Sikkim,Gangtok
Realme,Narzo 20,Blue,MediaTek,Large,64,4,6.5,3,1,6000,4.3,124100,10499,0.19,130.29,Credit Card,Nagaland,Kohima
Realme,Narzo 20,Silver,MediaTek,Large,64,4,6.5,3,1,6000,4.3,124100,10499,0.19,130.29,Credit Card,Maharashtra,Mumbai
Realme,Narzo 20,Silver,MediaTek,Large,128,4,6.5,3,1,6000,4.3,124100,11499,0.17,142.7,Net Banking,Madhya Pradesh,Bhopal
Realme,Narzo 10A,White,MediaTek,Large,64,4,6.5,3,1,5000,4.5,28927,9999,0.09,28.92,COD,Delhi,Delhi
Realme,X3,Blue,Qualcomm,Large,128,6,6.6,4,2,4200,4.4,286,24999,0.07,0.71,COD,Karnataka,Bangalore
Realme,Narzo 20,Blue,MediaTek,Large,128,4,6.5,3,1,6000,4.3,124100,11499,0.17,142.7,Credit Card,Madhya Pradesh,Indore
Realme,C2,Black,MediaTek,Medium,16,2,6.1,2,1,4000,4.4,226996,6499,0.07,147.52,Debit Card,Tamil Nadu,Chennai
Realme,Narzo 10A,White,MediaTek,Large,32,3,6.5,3,1,5000,4.5,17875,8999,0.1,16.09,Net Banking,Goa,Goa
Realme,Narzo 10A,Blue,MediaTek,Large,32,3,6.5,3,1,5000,4.5,17875,8999,0.1,16.09,Net Banking,Karnataka,Bangalore
Realme,Narzo 20A,Silver,Qualcomm,Large,32,3,6.5,3,1,5000,4.3,38710,8499,0.22,32.9,Debit Card,Bihar,Patna
Realme,Narzo 10,Green,MediaTek,Large,128,4,6.5,4,1,5000,4.5,89909,11999,0.07,107.88,Credit Card,Bihar,Patna
Realme,Narzo 10,White,MediaTek,Large,128,4,6.5,4,1,5000,4.5,89909,11999,0.07,107.88,COD,Rajasthan,Jaipur
Realme,Narzo 20A,Silver,Qualcomm,Large,64,4,6.5,3,1,5000,4.4,102776,9499,0.2,97.63,Net Banking,Uttar Pradesh,Lucknow
Samsung,Galaxy F22,Black,MediaTek,Medium,64,4,6.4,4,1,6000,4.3,3793,12999,0.13,4.93,COD,Maharashtra,Mumbai
Samsung,Galaxy F22,Blue,MediaTek,Medium,64,4,6.4,4,1,6000,4.3,3793,12999,0.13,4.93,UPI,Jammu and Kashmir,Kashmir
Samsung,Galaxy F22,Blue,MediaTek,Medium,128,6,6.4,4,1,6000,4.3,1545,14999,0.11,2.32,Debit Card,Himachal Pradesh,Simla
Samsung,Galaxy F22,Black,MediaTek,Medium,128,6,6.4,4,1,6000,4.3,1545,14999,0.11,2.32,COD,Nagaland,Kohima
Samsung,Galaxy F12,Blue,Exynos,Large,64,4,6.5,4,1,6000,4.2,15016,11499,0.11,17.27,Net Banking,Delhi,Delhi
Samsung,Galaxy F12,Green,Exynos,Large,64,4,6.5,4,1,6000,4.2,15016,11499,0.11,17.27,Debit Card,West Bengal,Kolkata
Samsung,M02s,Blue,Qualcomm,Large,32,3,6.5,3,1,5000,4.2,378,9569,0.07,0.36,COD,Delhi,Delhi
Samsung,Galaxy M02,Blue,MediaTek,Large,32,2,6.5,2,1,5000,4,213,8278,0.01,0.18,UPI,Karnataka,Bangalore
Samsung,Galaxy A22,Black,MediaTek,Medium,128,6,6.4,4,1,5000,4.3,262,18499,0.09,0.48,Credit Card,Madhya Pradesh,Indore
Samsung,Galaxy F12,Green,Exynos,Large,128,4,6.5,4,1,6000,4.2,15016,12499,0.1,18.77,COD,Maharashtra,Pune
Samsung,Galaxy F12,Black,Exynos,Large,64,4,6.5,4,1,6000,4.2,15016,11499,0.11,17.27,UPI,Gujarat,Ahmedabad
Samsung,Galaxy F12,Blue,Exynos,Large,128,4,6.5,4,1,6000,4.2,15016,12499,0.1,18.77,Net Banking,Maharashtra,Mumbai
Samsung,Galaxy A52s 5G,White,Qualcomm,Large,128,8,6.5,4,1,4500,4.5,16,37499,0.08,0.06,Debit Card,Uttar Pradesh,Lucknow
Samsung,Galaxy M32,Black,MediaTek,Medium,64,4,6.4,4,1,6000,4.2,95,14750,0.07,0.14,Debit Card,Punjab,Amritsar
Samsung,Galaxy F12,Black,Exynos,Large,128,4,6.5,4,1,6000,4.2,15016,12499,0.1,18.77,COD,Punjab,Amritsar
Samsung,Galaxy Z Flip3 5G,Others,Qualcomm,Large,256,8,6.7,2,1,3300,4.3,8,88999,0.11,0.07,Credit Card,Sikkim,Gangtok
Samsung,Galaxy M02,Black,MediaTek,Large,32,2,6.5,2,1,5000,4,213,8238,0.01,0.18,Debit Card,Delhi,Delhi
Samsung,Galaxy A22 5G,Gray,MediaTek,Large,128,8,6.6,3,1,5000,4.2,26,21999,0.08,0.06,Credit Card,Madhya Pradesh,Indore
Samsung,Galaxy A21s,Black,Exynos,Large,128,6,6.5,4,1,5000,4.2,1143,17499,0.07,2,UPI,Maharashtra,Mumbai
Samsung,Galaxy A03s,Black,MediaTek,Large,64,4,6.5,3,1,5000,4.2,23,12499,0.13,0.03,Credit Card,Punjab,Chandigarh
Samsung,Galaxy M31,Black,Others,Medium,128,6,6.4,4,1,6000,4.3,5029,17599,0.01,8.85,Debit Card,Madhya Pradesh,Indore
Samsung,Galaxy M31,Blue,Others,Medium,128,8,6.4,4,1,6000,4.3,857,18666,0.01,1.6,COD,Maharashtra,Mumbai
Samsung,Galaxy A51,Black,Exynos,Large,128,8,6.5,4,1,4000,4.3,930,22499,0.25,2.09,UPI,Goa,Goa
Samsung,Galaxy A72,Black,Qualcomm,Large,128,8,6.7,4,1,5000,4.3,126,34225,0.02,0.43,Debit Card,Kerala ,Thiruvananthapuram
Samsung,Galaxy A51,Blue,Exynos,Large,128,8,6.5,4,1,4000,4.3,930,22499,0.25,2.09,COD,Uttar Pradesh,Prayagraj
Samsung,Galaxy A21s,Blue,Exynos,Large,128,6,6.5,4,1,5000,4.2,1143,17499,0.07,2,COD,Karnataka,Bangalore
Samsung,Galaxy A12,Blue,MediaTek,Large,64,4,6.5,4,1,5000,4.2,545,12176,0.23,0.66,COD,Madhya Pradesh,Indore
Samsung,Galaxy Z Flip3 5G,Black,Qualcomm,Large,128,8,6.7,2,1,3300,4.3,8,84999,0.11,0.07,Credit Card,Madhya Pradesh,Indore
Samsung,Galaxy F62,Gray,Exynos,Large,128,6,6.7,4,1,7000,4.2,9721,23999,0.2,23.33,COD,Nagaland,Kohima
Samsung,Galaxy A22 5G,Gray,MediaTek,Large,128,6,6.6,3,1,5000,4.3,44,20288,0.09,0.09,Net Banking,Sikkim,Gangtok
Samsung,Galaxy A31,Blue,MediaTek,Medium,128,6,6.4,4,1,5000,4.3,6678,16999,0.29,11.35,Debit Card,Madhya Pradesh,Indore
Samsung,Galaxy A52,Black,Qualcomm,Large,128,6,6.5,4,1,4500,4.3,216,27499,0.09,0.59,COD,Jammu and Kashmir,Kashmir
Samsung,Galaxy A21s,Silver,Exynos,Large,128,6,6.5,4,1,5000,4.2,1143,17499,0.07,2,Credit Card,Rajasthan,Jaipur
Samsung,Galaxy A12,Black,Exynos,Large,128,6,6.5,4,1,5000,3.9,7,16499,0.08,0.01,Credit Card,Rajasthan,Jaipur
Samsung,Galaxy F62,Green,Exynos,Large,128,6,6.7,4,1,7000,4.2,9721,23999,0.2,23.33,UPI,Uttar Pradesh,Lucknow
Samsung,Galaxy A03s,Black,MediaTek,Large,32,3,6.5,3,1,5000,4,4,11499,0.14,0,COD,Punjab,Chandigarh
Samsung,Galaxy F02s,Black,Qualcomm,Large,64,4,6.5,3,1,5000,4.2,766,10499,0.08,0.8,Debit Card,Bihar,Patna
Samsung,Galaxy F62,Blue,Exynos,Large,128,6,6.7,4,1,7000,4.2,9721,23999,0.2,23.33,Net Banking,Punjab,Amritsar
Samsung,Galaxy A52s 5G,Black,Qualcomm,Large,128,8,6.5,4,1,4500,4.5,16,37499,0.08,0.06,COD,Kerala ,Thiruvananthapuram
Samsung,Galaxy F02s,Blue,Qualcomm,Large,64,4,6.5,3,1,5000,4.2,766,10499,0.08,0.8,Debit Card,Goa,Goa
Samsung,Galaxy M11,Black,Qualcomm,Medium,64,4,6.4,3,1,5000,4.3,8789,10986,0.02,9.66,UPI,Tamil Nadu,Chennai
Samsung,Galaxy F41,Green,Exynos,Medium,64,6,6.4,3,1,6000,4.3,61812,15999,0.2,98.89,COD,Gujarat,Ahmedabad
Samsung,Galaxy Z Flip3 5G,Others,Qualcomm,Large,128,8,6.7,2,1,3300,4.3,8,84999,0.11,0.07,Debit Card,Uttar Pradesh,Lucknow
Samsung,Galaxy A12,White,MediaTek,Large,64,4,6.5,4,1,5000,4.2,545,12390,0.11,0.68,Debit Card,Madhya Pradesh,Indore
Samsung,Galaxy A12,White,Exynos,Large,128,6,6.5,4,1,5000,3.9,7,16499,0.08,0.01,Credit Card,Delhi,Delhi
Samsung,Galaxy A22 5G,Others,MediaTek,Large,128,6,6.6,3,1,5000,4.3,44,20696,0.05,0.09,Credit Card,Maharashtra,Pune
Samsung,Galaxy A21s,Blue,Exynos,Large,64,4,6.5,4,1,5000,4.2,3160,14999,0.16,4.74,Debit Card,Rajasthan,Jaipur
Samsung,Galaxy A31,White,MediaTek,Medium,128,6,6.4,4,1,5000,4.3,6678,22990,0.04,15.35,COD,Punjab,Amritsar
Samsung,Galaxy A51,Silver,Exynos,Large,128,6,6.5,4,1,4000,4.3,2096,20999,0.19,4.4,COD,Rajasthan,Jaipur
Samsung,Galaxy A71,Silver,Qualcomm,Large,128,8,6.7,4,1,4500,4.4,3510,27499,0.21,9.65,UPI,Haryana,Chandigarh
Samsung,Galaxy Z Flip3 5G,Black,Qualcomm,Large,256,8,6.7,2,1,3300,4.3,8,88999,0.11,0.07,COD,Kerala ,Thiruvananthapuram
Samsung,Galaxy Note 20,Green,Exynos,Large,256,8,6.7,3,1,4300,4.3,26,77999,0.09,0.2,Debit Card,Madhya Pradesh,Indore
Samsung,Galaxy A21s,White,Exynos,Large,64,4,6.5,4,1,5000,4.2,3160,14999,0.16,4.74,Debit Card,Madhya Pradesh,Indore
Samsung,Galaxy Z Fold3 5G,Black,Qualcomm,Very Large,256,12,7.6,3,1,4400,4.4,7,149999,0.12,0.1,Credit Card,Sikkim,Gangtok
Samsung,Galaxy M01,Blue,Qualcomm,Small,32,3,5.7,2,1,4000,4.2,10242,9299,0.07,9.52,Net Banking,Gujarat,Surat
Samsung,Galaxy F02s,Black,Qualcomm,Large,32,3,6.5,3,1,5000,4.2,683,9499,0.09,0.65,UPI,Delhi,Delhi
Samsung,Galaxy Note 20,Bronze,Exynos,Large,256,8,6.7,3,1,4300,4.3,26,77999,0.09,0.2,COD,Nagaland,Kohima
Samsung,Galaxy M02,Gray,MediaTek,Large,32,3,6.5,2,1,5000,4,322,8850,0.11,0.28,Net Banking,Himachal Pradesh,Simla
Samsung,Galaxy A21s,Black,Exynos,Large,64,4,6.5,4,1,5000,4.2,3160,14999,0.16,4.74,COD,Haryana,Chandigarh
Samsung,Galaxy Z Fold3 5G,Black,Qualcomm,Very Large,512,12,7.6,3,1,4400,4.4,7,157999,0.12,0.11,UPI,West Bengal,Kolkata
Samsung,Galaxy Z Fold3 5G,Green,Qualcomm,Very Large,256,12,7.6,3,1,4400,4.4,7,149999,0.12,0.1,Debit Card,Andhra Pradesh,Hyderabad
Samsung,Galaxy F02s,White,Qualcomm,Large,32,3,6.5,3,1,5000,4.2,683,9499,0.09,0.65,UPI,Madhya Pradesh,Indore
Samsung,Galaxy A03s,White,MediaTek,Large,64,4,6.5,3,1,5000,4.2,23,12499,0.13,0.03,Debit Card,Punjab,Amritsar
Samsung,Galaxy A52s 5G,Black,Qualcomm,Large,128,6,6.5,4,1,4500,4.3,6,35999,0.07,0.02,Debit Card,Maharashtra,Pune
Samsung,Galaxy A21s,Black,Exynos,Large,64,6,6.5,4,1,5000,4.2,1143,15199,0.01,1.74,Debit Card,Madhya Pradesh,Indore
Samsung,Galaxy A50s,Black,Exynos,Medium,128,4,6.4,3,1,4000,4.3,23878,14999,0.39,35.81,Debit Card,Himachal Pradesh,Simla
Samsung,Galaxy A52,Black,Qualcomm,Large,128,8,6.5,4,1,4500,4.4,202,28999,0.09,0.59,Debit Card,Rajasthan,Jaipur
Samsung,Galaxy A03s,Blue,MediaTek,Large,32,3,6.5,3,1,5000,4,4,11499,0.14,0,Debit Card,Kerala ,Thiruvananthapuram
Samsung,Galaxy A03s,Blue,MediaTek,Large,64,4,6.5,3,1,5000,4.2,23,12400,0.03,0.03,UPI,Rajasthan,Jaipur
Samsung,Galaxy Note 20 Ultra 5G,Bronze,Exynos,Large,256,12,6.9,3,1,4500,4.5,110,91999,0.2,1.01,Debit Card,Kerala ,Thiruvananthapuram
Samsung,Galaxy A03s,White,MediaTek,Large,32,3,6.5,3,1,5000,4,4,11499,0.14,0,Net Banking,Gujarat,Surat
Samsung,Galaxy Note 20,Blue,Exynos,Large,256,8,6.7,3,1,4300,4.3,26,54599,0.31,0.14,Net Banking,West Bengal,Kolkata
Samsung,Galaxy A52s 5G,White,Qualcomm,Large,128,6,6.5,4,1,4500,4.3,6,35999,0.07,0.02,Debit Card,West Bengal,Kolkata
Samsung,Galaxy S20 FE,White,Exynos,Large,128,8,6.5,3,1,4500,4,293,49999,0.24,1.46,Net Banking,Andhra Pradesh,Hyderabad
Samsung,Galaxy M02,Red,MediaTek,Large,32,3,6.5,2,1,5000,4,322,8083,0.01,0.26,UPI,Rajasthan,Jaipur
Samsung,Galaxy A12,Blue,Exynos,Large,128,6,6.5,4,1,5000,3.9,7,16499,0.08,0.01,UPI,Madhya Pradesh,Indore
Samsung,Galaxy Grand 2,Gold,Qualcomm,Small,8,1,5.2,1,1,2600,4.1,2343,15999,0.04,3.75,Debit Card,Gujarat,Ahmedabad
Samsung,Galaxy S20 FE,Others,Exynos,Large,128,8,6.5,3,1,4500,4,293,49999,0.24,1.46,UPI,Sikkim,Gangtok
Samsung,Galaxy Fold 2,Bronze,Qualcomm,Very Large,256,12,7.6,3,3,4500,3,10,149999,0.21,0.15,COD,Kerala ,Thiruvananthapuram
Samsung,Galaxy A50s,Others,Exynos,Medium,128,4,6.4,3,1,4000,4.3,23878,14999,0.39,35.81,COD,Delhi,Delhi
Samsung,Galaxy Note 20 Ultra 5G,Black,Exynos,Large,256,12,6.9,3,1,4500,4.5,110,91999,0.2,1.01,Debit Card,Maharashtra,Pune
Samsung,Galaxy A7,Blue,Others,Medium,64,4,6,3,1,3300,4.4,12902,17990,0.29,23.21,Credit Card,Madhya Pradesh,Bhopal
Samsung,Galaxy J6,Blue,Exynos,Small,64,4,5.6,1,1,3000,4.5,42278,9490,0.44,40.12,COD,Maharashtra,Mumbai
Samsung,Galaxy J7 - 6,Others,Exynos,Small,16,2,5.5,1,1,3300,4.3,38916,15299,0.01,59.54,Credit Card,Delhi,Delhi
Samsung,Galaxy A10,Blue,Exynos,Medium,32,2,6.2,1,1,3400,4.3,13112,7990,0.08,10.48,Credit Card,Uttar Pradesh,Lucknow
Samsung,Galaxy Grand 2,Black,Qualcomm,Small,8,1,5.2,1,1,2600,4.1,2343,15999,0.04,3.75,COD,West Bengal,Kolkata
Samsung,Galaxy J7 - 6,Others,Exynos,Small,16,2,5.5,1,1,3300,4.3,38916,13800,0.08,53.7,UPI,Karnataka,Bangalore
Samsung,Galaxy A20,Black,Exynos,Medium,32,3,6.4,2,1,4000,4.3,15519,11490,0.1,17.83,Credit Card,Gujarat,Surat
Samsung,Galaxy A22 5G,Others,MediaTek,Large,128,8,6.6,3,1,5000,4.2,26,21999,0.08,0.06,COD,Andhra Pradesh,Hyderabad
Samsung,Galaxy F02s,Blue,Qualcomm,Large,32,3,6.5,3,1,5000,4.2,683,9499,0.09,0.65,UPI,Madhya Pradesh,Indore
Samsung,Galaxy F62,Blue,Exynos,Large,128,8,6.7,4,1,7000,4.3,4746,25999,0.18,12.34,COD,Bihar,Patna
Samsung,Galaxy F41,Green,Exynos,Medium,128,6,6.4,3,1,6000,4.3,61812,14499,0.3,89.62,Debit Card,Nagaland,Kohima
Samsung,Galaxy F41,Black,Exynos,Medium,128,6,6.4,3,1,6000,4.3,61812,14499,0.3,89.62,Debit Card,Punjab,Chandigarh
Samsung,Galaxy F41,Blue,Exynos,Medium,128,6,6.4,3,1,6000,4.3,61812,14499,0.3,89.62,Net Banking,Gujarat,Ahmedabad
Samsung,M02s,Red,Qualcomm,Large,64,4,6.5,3,1,5000,4.1,545,9999,0.04,0.54,COD,Madhya Pradesh,Indore
Samsung,Galaxy F41,Black,Exynos,Medium,64,6,6.4,3,1,6000,4.3,61812,15999,0.2,98.89,UPI,Rajasthan,Udaipur
Samsung,Galaxy F41,Blue,Exynos,Medium,64,6,6.4,3,1,6000,4.3,61812,15999,0.2,98.89,Credit Card,Madhya Pradesh,Bhopal
Samsung,Galaxy M32,Black,MediaTek,Medium,128,6,6.4,4,1,6000,4.4,102,16980,0.06,0.17,Net Banking,Rajasthan,Udaipur
Samsung,Galaxy A72,Blue,Qualcomm,Large,128,8,6.7,4,1,5000,4.3,126,34999,0.16,0.44,Net Banking,Goa,Goa
Samsung,Galaxy A52,Blue,Qualcomm,Large,128,8,6.5,4,1,4500,4.4,202,28999,0.09,0.59,Credit Card,Andhra Pradesh,Hyderabad
Samsung,Galaxy A80,Gold,Qualcomm,Large,128,8,6.7,2,3,3700,4.4,5393,28490,0.14,15.36,Credit Card,Maharashtra,Mumbai
Samsung,Galaxy F62,Gray,Exynos,Large,128,8,6.7,4,1,7000,4.3,4746,25999,0.18,12.34,Debit Card,Haryana,Chandigarh
Samsung,Galaxy S21 Plus,Black,Exynos,Large,128,8,6.7,3,1,4800,4.4,290,71999,0.28,2.09,UPI,West Bengal,Kolkata
Samsung,Galaxy M42,Gray,Qualcomm,Large,128,8,6.6,3,1,5000,4.3,153,24499,0.05,0.37,Net Banking,Punjab,Chandigarh
Samsung,Galaxy A51,Black,Exynos,Large,128,6,6.5,4,1,4000,4.3,2096,20999,0.19,4.4,Credit Card,Bihar,Patna
Samsung,Galaxy M30s,Blue,Exynos,Medium,64,4,6.4,1,1,6000,4.3,4205,14090,0.09,5.92,Net Banking,Maharashtra,Mumbai
Samsung,Galaxy A20s,Blue,Qualcomm,Large,32,3,6.5,3,1,4000,4.3,220,11599,0.1,0.26,Credit Card,West Bengal,Kolkata
Samsung,Galaxy Note10 Lite,Others,Exynos,Large,128,8,6.7,3,1,4500,4.3,1594,39999,0.11,6.38,COD,Maharashtra,Mumbai
Samsung,Galaxy M01,Red,Qualcomm,Small,32,3,5.7,2,1,4000,4.2,10242,8999,0.1,9.22,UPI,Maharashtra,Mumbai
Samsung,Galaxy F62,Green,Exynos,Large,128,8,6.7,4,1,7000,4.3,4746,25999,0.18,12.34,Debit Card,West Bengal,Kolkata
Samsung,Galaxy S20 FE,Red,Exynos,Large,128,8,6.5,3,1,4500,4,293,49999,0.24,1.46,UPI,Rajasthan,Udaipur
Samsung,Galaxy A71,Blue,Qualcomm,Large,128,8,6.7,4,1,4500,4.4,3510,27499,0.21,9.65,COD,Himachal Pradesh,Simla
Samsung,Galaxy A20s,Green,Qualcomm,Large,32,3,6.5,3,1,4000,4.3,220,11599,0.1,0.26,Debit Card,Maharashtra,Pune
Samsung,Galaxy S21,Gray,Exynos,Medium,256,8,6.2,3,1,4000,4.3,134,73999,0.15,0.99,COD,Bihar,Patna
Samsung,Galaxy A51,Blue,Exynos,Large,128,6,6.5,4,1,4000,4.3,2096,20999,0.19,4.4,Net Banking,Kerala ,Thiruvananthapuram
Samsung,Galaxy A20s,Black,Qualcomm,Large,32,3,6.5,3,1,4000,4.3,220,11599,0.1,0.26,COD,Maharashtra,Mumbai
Samsung,Galaxy A20s,Green,Qualcomm,Large,64,4,6.5,3,1,4000,4.3,233,13695,0.08,0.32,UPI,Punjab,Amritsar
Samsung,Galaxy S10,Black,Exynos,Medium,128,8,6.1,2,1,3400,4.6,1910,39999,0.43,7.64,Net Banking,Madhya Pradesh,Indore
Samsung,Galaxy A20s,Blue,Qualcomm,Large,64,4,6.5,3,1,4000,4.3,233,13695,0.08,0.32,Credit Card,Rajasthan,Jaipur
Xiaomi,Redmi 9A,Black,MediaTek,Large,32,3,6.5,1,1,5000,4.3,8459,8394,0.06,7.1,Credit Card,Gujarat,Surat
Xiaomi,Mi 11X,White,Qualcomm,Large,128,6,6.7,3,1,4520,4.3,194,24398,0.06,0.47,Net Banking,Gujarat,Surat
Xiaomi,Redmi 8A Dual,White,Qualcomm,Medium,32,3,6.2,2,1,5000,4.2,8161,8299,0.07,6.77,UPI,Madhya Pradesh,Indore
Xiaomi,Mi A3,Blue,Qualcomm,Medium,64,4,6.1,3,1,4030,4.3,12458,12990,0.13,16.18,Net Banking,Goa,Goa
Xiaomi,Redmi 9,Blue,MediaTek,Large,128,4,6.5,2,1,5000,4.2,6870,10990,0.08,7.55,COD,Rajasthan,Udaipur
Xiaomi,Mi 11 Lite,Black,Qualcomm,Large,128,8,6.5,3,1,4250,4.2,560,23999,0.07,1.34,Credit Card,Maharashtra,Mumbai
Xiaomi,Mi 11 Lite,Blue,Qualcomm,Large,128,8,6.5,3,1,4250,4.2,560,23999,0.07,1.34,Net Banking,Tamil Nadu,Chennai
Xiaomi,Redmi Note 7 Pro,White,Qualcomm,Medium,128,6,6.3,2,1,4000,4.4,53013,15485,0.03,82.09,Credit Card,Jammu and Kashmir,Kashmir
Xiaomi,Mi 11X,Silver,Qualcomm,Large,128,6,6.7,3,1,4520,4.3,194,24780,0.04,0.48,UPI,Uttar Pradesh,Lucknow
Xiaomi,Mi 10i,Black,Qualcomm,Large,128,6,6.7,4,1,4820,4.3,1216,23949,0.01,2.91,Net Banking,Madhya Pradesh,Indore
Xiaomi,Redmi Note 6 Pro,Red,Qualcomm,Medium,64,6,6.3,2,2,4000,4.5,25400,12749,0.05,32.38,Credit Card,Rajasthan,Udaipur
Xiaomi,Redmi Note 9 Pro,White,Qualcomm,Large,64,4,6.7,4,1,5020,4.4,6106,16487,0.03,10.07,Credit Card,Madhya Pradesh,Indore
Xiaomi,Redmi Note 6 Pro,Gold,Qualcomm,Medium,64,4,6.3,2,2,4000,4.5,125016,12459,0.22,155.76,COD,Delhi,Delhi
Xiaomi,Redmi Note 5 Pro,Gold,Qualcomm,Medium,64,6,6,2,1,4000,4.5,129661,13500,0.2,175.04,UPI,Delhi,Delhi
Xiaomi,Redmi Note 7,Black,Qualcomm,Medium,64,4,6.3,2,1,4000,4.5,89172,11799,0.07,105.21,Debit Card,Madhya Pradesh,Indore
Xiaomi,Redmi Y3,Red,Qualcomm,Medium,64,4,6.3,2,1,4000,4.4,1106,12999,0.07,1.44,Debit Card,Madhya Pradesh,Bhopal
Xiaomi,Redmi K20,White,Qualcomm,Medium,128,6,6.4,3,1,4000,4.5,25385,20920,0.04,53.11,UPI,Maharashtra,Mumbai
Xiaomi,Mi 11 Lite,Others,Qualcomm,Large,128,8,6.5,3,1,4250,4.2,560,23999,0.07,1.34,Debit Card,Maharashtra,Mumbai
Xiaomi,Mi 11 Lite,Black,Qualcomm,Large,128,6,6.5,3,1,4250,4.2,1554,21999,0.12,3.42,Debit Card,Madhya Pradesh,Bhopal
Xiaomi,Mi 11 Lite,Blue,Qualcomm,Large,128,6,6.5,3,1,4250,4.2,1554,21999,0.12,3.42,Debit Card,Uttar Pradesh,Prayagraj
Xiaomi,Redmi Note 7 Pro,Blue,Qualcomm,Medium,64,6,6.3,2,1,4000,4.4,53013,14999,0.06,79.51,Net Banking,Uttar Pradesh,Lucknow
Xiaomi,Redmi K20,White,Qualcomm,Medium,64,6,6.4,3,1,4000,4.5,25385,20899,0.05,53.05,Credit Card,Uttar Pradesh,Lucknow
Xiaomi,Mi A3,White,Qualcomm,Medium,64,4,6.1,3,1,4030,4.3,12458,12990,0.13,16.18,Net Banking,Madhya Pradesh,Indore
Xiaomi,Redmi 9,Others,MediaTek,Large,64,4,6.5,2,1,5000,4.2,6870,9840,0.08,6.76,UPI,Gujarat,Ahmedabad
Xiaomi,Redmi 9,Black,MediaTek,Large,64,4,6.5,2,1,5000,4.2,6870,10099,0.03,6.94,UPI,Uttar Pradesh,Lucknow
Xiaomi,Mi A3,Gray,Qualcomm,Medium,64,4,6.1,3,1,4030,4.3,12458,12990,0.13,16.18,Credit Card,Madhya Pradesh,Indore
Xiaomi,Redmi Note 4,Gold,Qualcomm,Small,32,3,5.5,1,1,4100,4.4,642373,8565,0.04,550.19,Debit Card,Punjab,Chandigarh
Xiaomi,Redmi Note 5,Black,Qualcomm,Medium,64,4,6,1,1,4000,4.4,357064,10999,0.04,392.73,Net Banking,Gujarat,Ahmedabad
Xiaomi,Redmi Y3,Black,Qualcomm,Medium,64,4,6.3,2,1,4000,4.4,1106,12499,0.1,1.38,Net Banking,Haryana,Chandigarh
Xiaomi,Redmi Note 7 Pro,Blue,Qualcomm,Medium,128,6,6.3,2,1,4000,4.4,53013,15649,0.01,82.96,Net Banking,Karnataka,Bangalore
Xiaomi,Mi 10T,Black,Qualcomm,Large,128,8,6.7,3,1,5000,4.1,1137,34999,0.18,3.98,Debit Card,Maharashtra,Pune
Xiaomi,Mi 10T Pro,Black,Qualcomm,Large,128,8,6.7,3,1,5000,4.2,3571,36999,0.22,13.21,Credit Card,West Bengal,Kolkata
Xiaomi,Redmi Note 6 Pro,Black,Qualcomm,Medium,64,4,6.3,2,2,4000,4.5,125016,11490,0.04,143.64,COD,Madhya Pradesh,Indore
Xiaomi,Redmi Note 7 Pro,Blue,Qualcomm,Medium,64,4,6.3,2,1,4000,4.5,141177,14450,0.03,204,COD,Nagaland,Kohima
Xiaomi,Redmi Note 9 Pro,Gold,Qualcomm,Large,128,6,6.7,4,1,5020,4.3,434,18778,0.01,0.81,Credit Card,Maharashtra,Pune
Xiaomi,Redmi Note 5 Pro,Black,Qualcomm,Medium,64,6,6,2,1,4000,4.5,129661,13400,0.13,173.75,Credit Card,Madhya Pradesh,Indore
Xiaomi,Redmi Y2,Gold,Qualcomm,Medium,32,3,6,2,1,3080,4.5,120515,9499,0.09,114.48,Debit Card,Kerala ,Thiruvananthapuram
Xiaomi,Mi 10T,Black,Qualcomm,Large,128,6,6.7,3,1,5000,4.2,1294,32999,0.17,4.27,UPI,Gujarat,Surat
Xiaomi,Redmi Note 6 Pro,Blue,Qualcomm,Medium,64,4,6.3,2,2,4000,4.5,125016,13990,0.12,174.9,COD,Nagaland,Kohima
Xiaomi,Mi 10,Green,Qualcomm,Large,256,8,6.7,4,1,4780,4.1,283,54999,0.08,1.56,COD,Delhi,Delhi
Xiaomi,Redmi Note 7,Red,Qualcomm,Medium,64,4,6.3,2,1,4000,4.5,89172,13399,0.06,119.48,Debit Card,Delhi,Delhi
Xiaomi,Redmi 6 Pro,Gold,Qualcomm,Small,32,3,5.8,2,1,4000,4.3,1870,10449,0.05,1.95,COD,Jammu and Kashmir,Kashmir
Xiaomi,Redmi Note 6 Pro,Blue,Qualcomm,Medium,64,6,6.3,2,2,4000,4.5,25400,13999,0.09,35.56,Credit Card,Maharashtra,Mumbai
Xiaomi,Redmi Note 7 Pro,Black,Qualcomm,Medium,64,4,6.3,2,1,4000,4.5,141177,12900,0.04,182.12,Debit Card,Maharashtra,Mumbai
Xiaomi,Redmi Note 7 Pro,Black,Qualcomm,Medium,64,6,6.3,2,1,4000,4.4,53013,15999,0.05,84.82,Debit Card,Maharashtra,Mumbai
Xiaomi,Mi 10T,Silver,Qualcomm,Large,128,6,6.7,3,1,5000,4.2,1294,32999,0.17,4.27,Credit Card,West Bengal,Kolkata
Xiaomi,Redmi 6 Pro,Blue,Qualcomm,Small,64,4,5.8,2,1,4000,4.3,1783,12499,0.03,2.23,Credit Card,Maharashtra,Mumbai
Xiaomi,Redmi 6 Pro,Gold,Qualcomm,Small,64,4,5.8,2,1,4000,4.3,1783,12349,0.05,2.2,UPI,Madhya Pradesh,Indore
Xiaomi,Mi 11X Pro 5G,Black,Qualcomm,Large,128,8,6.7,3,1,4520,3.8,35,36499,0.01,0.13,UPI,Maharashtra,Mumbai
Xiaomi,Mi A1,Black,Qualcomm,Small,64,4,5.5,2,1,3080,4.4,470905,10490,0.25,493.98,COD,Madhya Pradesh,Indore
Xiaomi,Redmi 6A,Gold,MediaTek,Small,32,2,5.5,1,1,3000,4.3,55708,5742,0.28,31.99,Net Banking,Delhi,Delhi
Xiaomi,Mi 10i,Black,Qualcomm,Large,128,8,6.7,4,1,4820,4.3,663,24215,0.06,1.61,COD,Sikkim,Gangtok
Xiaomi,Redmi Note 9 Pro,Blue,Qualcomm,Large,128,4,6.7,2,1,5020,4.4,6106,14199,0.03,8.67,Debit Card,Madhya Pradesh,Bhopal
Xiaomi,Redmi Note 9 Pro,Blue,Qualcomm,Large,128,6,6.7,4,1,5020,4.3,434,14999,0.06,0.65,UPI,Madhya Pradesh,Bhopal
Xiaomi,Redmi Y3,Red,Qualcomm,Medium,32,3,6.3,2,1,4000,4.4,6844,8252,0.31,5.65,COD,Madhya Pradesh,Indore
Xiaomi,Redmi 5,Blue,Qualcomm,Small,16,2,5.7,1,1,3300,4.3,4267,6890,0.18,2.94,Credit Card,Rajasthan,Jaipur
Xiaomi,Redmi 6 Pro,Black,Qualcomm,Small,32,3,5.8,2,1,4000,4.3,1870,7999,0.3,1.5,UPI,Punjab,Chandigarh
Xiaomi,Redmi 6 Pro,Red,Qualcomm,Small,64,4,5.8,2,1,4000,4.3,1783,9699,0.28,1.73,Debit Card,Himachal Pradesh,Simla
Xiaomi,Mi 11 Lite,Others,Qualcomm,Large,128,6,6.5,3,1,4250,4.2,1554,21999,0.12,3.42,COD,Tamil Nadu,Chennai
Xiaomi,Redmi 8A Dual,Blue,Qualcomm,Medium,32,3,6.2,2,1,5000,4.2,8161,8299,0.07,6.77,Debit Card,Maharashtra,Mumbai
Xiaomi,Redmi 6 Pro,Blue,Qualcomm,Small,32,3,5.8,2,1,4000,4.3,1870,8190,0.36,1.53,COD,Gujarat,Ahmedabad
